{
    "10 Cloverfield Lane": {
        "favorites_score": 39.619642857142864,
        "retweets_score": 5.116822562358276
    },
    "13 Hours: The Secret Soldiers of Benghazi": {
        "favorites_score": 89.81375915750917,
        "retweets_score": 51.94883241758242
    },
    "2016: Obama?s America": {
        "favorites_score": 0.22783752033255014,
        "retweets_score": 0.9113500813302006
    },
    "20th Century Women": {
        "favorites_score": 23.612068965517242,
        "retweets_score": 3.1551724137931036
    },
    "21 Jump Street": {
        "favorites_score": 0.04662721346340561,
        "retweets_score": 0.06994082019510842
    },
    "21 and Over": {
        "favorites_score": 0.4461973733233979,
        "retweets_score": 0.3052929396423249
    },
    "22 Jump Street": {
        "favorites_score": 13.966927660224583,
        "retweets_score": 31.161733251852418
    },
    "28 Hotel Rooms": {
        "favorites_score": 5.071395158460999,
        "retweets_score": 8.963396094024091
    },
    "3 Days to Kill": {
        "favorites_score": 2.7313351990611174,
        "retweets_score": 0.09104450663537059
    },
    "3 and 1/2 Minutes": {
        "favorites_score": 1.0009925558312656,
        "retweets_score": 0.0
    },
    "30 Minutes or Less": {
        "favorites_score": 0.5014917951268025,
        "retweets_score": 0.20059671805072102
    },
    "31": {
        "favorites_score": 113.16421332046333,
        "retweets_score": 22.7410043972544
    },
    "35 and Ticking": {
        "favorites_score": 0.35744627950527413,
        "retweets_score": 1.0723388385158223
    },
    "360": {
        "favorites_score": 1.503727634194831,
        "retweets_score": 7.518638170974155
    },
    "50 to 1": {
        "favorites_score": 0.0,
        "retweets_score": 0.0
    },
    "50/50": {
        "favorites_score": 1.203580308304326,
        "retweets_score": 9.82923918448533
    },
    "6 Month Rule": {
        "favorites_score": 0.1799332211857063,
        "retweets_score": 1.2338278024162717
    },
    "7 Chinese Brothers": {
        "favorites_score": 1.0004960317460319,
        "retweets_score": 0.0
    },
    "71: Into the Fire": {
        "favorites_score": 0.0,
        "retweets_score": 0.0
    },
    "A Ballerina's Tale": {
        "favorites_score": 11.959226851247225,
        "retweets_score": 5.8742457881676895
    },
    "A Better Life": {
        "favorites_score": 2.6103290874548954,
        "retweets_score": 5.644997386170932
    },
    "A Good Old Fashioned Orgy": {
        "favorites_score": 0.05572131056964472,
        "retweets_score": 0.27860655284822367
    },
    "A Liar's Autobiography - The Untrue Story of Monty Python's Graham Chapman": {
        "favorites_score": 0.5101025154676421,
        "retweets_score": 2.7873458880910444
    },
    "A Long Way Off": {
        "favorites_score": 0.0,
        "retweets_score": 0.0
    },
    "A Million Ways to Die in The West": {
        "favorites_score": 1361.3247765640517,
        "retweets_score": 495.2866683217478
    },
    "A Thousand Words": {
        "favorites_score": 0.11793942228979067,
        "retweets_score": 0.23587884457958133
    },
    "A United Kingdom": {
        "favorites_score": 28.428571428571427,
        "retweets_score": 7.714285714285714
    },
    "A.C.O.D.": {
        "favorites_score": 0.35364250021916366,
        "retweets_score": 0.6483445837351334
    },
    "ABCD 2": {
        "favorites_score": 419.2544304810694,
        "retweets_score": 152.37689906347555
    },
    "Abacus: Small Enough to Jail": {
        "favorites_score": 2.0009920634920637,
        "retweets_score": 0.692651098901099
    },
    "Adult Beginners": {
        "favorites_score": 3.0998479148323064,
        "retweets_score": 1.2916032978467942
    },
    "Adventureland": {
        "favorites_score": 0.08366517338642773,
        "retweets_score": 0.0
    },
    "Ae Dil Hai Mushkil": {
        "favorites_score": 2911.648682336183,
        "retweets_score": 644.5246743996745
    },
    "After Earth": {
        "favorites_score": 13.137163989623005,
        "retweets_score": 12.747502345863
    },
    "Afternoon Delight": {
        "favorites_score": 1.7813103714743057,
        "retweets_score": 1.001987083954297
    },
    "Aftershock": {
        "favorites_score": 5.75856504468719,
        "retweets_score": 3.505213505461768
    },
    "All Things Must Pass": {
        "favorites_score": 25.664103259169675,
        "retweets_score": 6.577951081176888
    },
    "Almost Christmas": {
        "favorites_score": 14.346095641646492,
        "retweets_score": 4.7311592009685235
    },
    "Aloha": {
        "favorites_score": 25.21731246421073,
        "retweets_score": 7.54594388242031
    },
    "Alvin and the Chipmunks: Chipwrecked": {
        "favorites_score": 0.4457704845571578,
        "retweets_score": 5.906458920382342
    },
    "America: Imagine a World Without Her": {
        "favorites_score": 7.296566888920414,
        "retweets_score": 4.435168108951625
    },
    "American Pastoral": {
        "favorites_score": 779.9422398589066,
        "retweets_score": 157.52254188712524
    },
    "American Reunion": {
        "favorites_score": 0.6056680748840291,
        "retweets_score": 1.305319126905235
    },
    "American: The Bill Hicks Story": {
        "favorites_score": 3.594024531742085,
        "retweets_score": 6.101483507376098
    },
    "Anchorman 2: The Legend Continues": {
        "favorites_score": 156.81097863884747,
        "retweets_score": 108.21460506706408
    },
    "Anna Karenina": {
        "favorites_score": 0.0,
        "retweets_score": 0.07518638170974155
    },
    "Anomalisa": {
        "favorites_score": 8.458739177489178,
        "retweets_score": 0.9095418470418472
    },
    "Ant-Man": {
        "favorites_score": 24.47069301666076,
        "retweets_score": 8.204563984402695
    },
    "Anthropoid": {
        "favorites_score": 5.0678972069597075,
        "retweets_score": 5.341109584859585
    },
    "Arbitrage": {
        "favorites_score": 0.0,
        "retweets_score": 0.3341616964877402
    },
    "Argo": {
        "favorites_score": 66.95764993373095,
        "retweets_score": 48.66229705102717
    },
    "Art and Craft": {
        "favorites_score": 0.667328370554177,
        "retweets_score": 1.1122139509236284
    },
    "Arthur Christmas": {
        "favorites_score": 0.09118032638669137,
        "retweets_score": 0.36472130554676546
    },
    "Asterix-Le Domaine des dieux": {
        "favorites_score": 69.10278053624627,
        "retweets_score": 55.797276209391406
    },
    "Astro Boy": {
        "favorites_score": 0.0,
        "retweets_score": 0.0
    },
    "Backcountry": {
        "favorites_score": 10.785694789081887,
        "retweets_score": 2.1521339950372207
    },
    "Bad Moms": {
        "favorites_score": 16.685691884280594,
        "retweets_score": 2.0009920634920637
    },
    "Bad Words": {
        "favorites_score": 303.0507447864946,
        "retweets_score": 102.95312810327707
    },
    "Baggage Claim": {
        "favorites_score": 4.2134841479103775,
        "retweets_score": 10.867706064427376
    },
    "Bajrangi Bhaijaan": {
        "favorites_score": 426.1025111662531,
        "retweets_score": 337.65480893300247
    },
    "Band Aid": {
        "favorites_score": 34.27710843373494,
        "retweets_score": 5.397590361445783
    },
    "Bangistan": {
        "favorites_score": 1.8017866004962781,
        "retweets_score": 1.601588089330025
    },
    "Banjo": {
        "favorites_score": 36.078493265993274,
        "retweets_score": 8.473898208273209
    },
    "Barbershop: The Next Cut": {
        "favorites_score": 4.037716128117914,
        "retweets_score": 2.394044075963719
    },
    "Barely Lethal": {
        "favorites_score": 8.5874624526577,
        "retweets_score": 2.307551260284707
    },
    "Batman v Superman: Dawn of Justice": {
        "favorites_score": 4179.071924603175,
        "retweets_score": 1049.5203373015875
    },
    "Batman: The Killing Joke": {
        "favorites_score": 3.2516121031746037,
        "retweets_score": 0.5002480158730159
    },
    "Battle of the Year": {
        "favorites_score": 0.4508941877794337,
        "retweets_score": 0.15029806259314454
    },
    "Beats, Rhymes & Life: The Travels of a Tribe Called Quest": {
        "favorites_score": 0.9022365805168986,
        "retweets_score": 7.368265407554672
    },
    "Before I Disappear": {
        "favorites_score": 1.5022343594836147,
        "retweets_score": 1.335319430652102
    },
    "Before We Go": {
        "favorites_score": 8941.199172870141,
        "retweets_score": 3399.0370554177007
    },
    "Belle": {
        "favorites_score": 5.548625460287306,
        "retweets_score": 3.558087178569887
    },
    "Better Than Something: Jay Reatard": {
        "favorites_score": 0.14561235936337286,
        "retweets_score": 0.5992508635338805
    },
    "Beyond the Black Rainbow": {
        "favorites_score": 0.0,
        "retweets_score": 0.20059671805072102
    },
    "Beyond the Lights": {
        "favorites_score": 1.4978418613564697,
        "retweets_score": 1.0717695430233976
    },
    "Big Hero 6": {
        "favorites_score": 1.2796811210415977,
        "retweets_score": 0.2781915480525213
    },
    "Big Sur": {
        "favorites_score": 10.633332319514988,
        "retweets_score": 5.623396899743504
    },
    "Bj?rk: Biophilia Live": {
        "favorites_score": 0.5007447864945382,
        "retweets_score": 0.0
    },
    "Black Mass": {
        "favorites_score": 13.604398826979473,
        "retweets_score": 10.601421159485676
    },
    "Blackhat": {
        "favorites_score": 6.434952144629564,
        "retweets_score": 13.012903225806452
    },
    "Blair Witch": {
        "favorites_score": 37.29435207991243,
        "retweets_score": 6.899972632731254
    },
    "Blended": {
        "favorites_score": 6.212138220859779,
        "retweets_score": 3.8245290214872703
    },
    "Blood Ties": {
        "favorites_score": 5.204198221762625,
        "retweets_score": 7.330864685665622
    },
    "Bombay Velvet": {
        "favorites_score": 110.6722394540943,
        "retweets_score": 58.120130272952856
    },
    "Boom Bust Boom": {
        "favorites_score": 5.045054457953395,
        "retweets_score": 3.5691454182145677
    },
    "Boy Meets Girl": {
        "favorites_score": 1.251240694789082,
        "retweets_score": 0.7507444168734492
    },
    "Brave": {
        "favorites_score": 0.19001351368910718,
        "retweets_score": 0.176909133434686
    },
    "Break Ke Baad": {
        "favorites_score": 0.5179264965495105,
        "retweets_score": 1.7156315198202536
    },
    "Breathe In": {
        "favorites_score": 1.6031793343268754,
        "retweets_score": 0.6011922503725782
    },
    "Bridesmaids": {
        "favorites_score": 5.145741897822843,
        "retweets_score": 9.986227920351112
    },
    "Broadway Idiot": {
        "favorites_score": 0.34684168290725664,
        "retweets_score": 1.5029806259314455
    },
    "Broken City": {
        "favorites_score": 1.354036599938239,
        "retweets_score": 1.7873283119184757
    },
    "Brooklyn": {
        "favorites_score": 1.0529921691212014,
        "retweets_score": 2.2359833714672424
    },
    "Buena Vista Social Club?Adios": {
        "favorites_score": 4.25,
        "retweets_score": 0.85
    },
    "Buried": {
        "favorites_score": 0.5229416298787751,
        "retweets_score": 0.7208114357788523
    },
    "Buster?s Mal Heart": {
        "favorites_score": 0.9375,
        "retweets_score": 0.0625
    },
    "Butter": {
        "favorites_score": 0.20982246058532528,
        "retweets_score": 0.3497041009755421
    },
    "C.O.G.": {
        "favorites_score": 1.2596409055425448,
        "retweets_score": 0.7443332623660492
    },
    "CHiPS": {
        "favorites_score": 211.22222222222223,
        "retweets_score": 17.174603174603174
    },
    "Canopy": {
        "favorites_score": 2.4511342973613925,
        "retweets_score": 6.736046305995021
    },
    "Captain America: Civil War": {
        "favorites_score": 6.002976190476192,
        "retweets_score": 1.3684945721583655
    },
    "Captain America: The Winter Soldier": {
        "favorites_score": 1.936213174445548,
        "retweets_score": 0.16691492883151274
    },
    "Captain Fantastic": {
        "favorites_score": 591.6683407738096,
        "retweets_score": 126.56274801587303
    },
    "Carrie Pilby": {
        "favorites_score": 1.125,
        "retweets_score": 0.5
    },
    "Cartel Land": {
        "favorites_score": 8.007940446650124,
        "retweets_score": 7.507444168734492
    },
    "Cashback": {
        "favorites_score": 0.0,
        "retweets_score": 0.0
    },
    "Cesar Chavez": {
        "favorites_score": 50.617659434803834,
        "retweets_score": 30.197456785551985
    },
    "Chance Pe Dance": {
        "favorites_score": 0.18454852175902098,
        "retweets_score": 0.5594127065820325
    },
    "Chappie": {
        "favorites_score": 52.71894127377998,
        "retweets_score": 27.69412737799835
    },
    "Cheatin'": {
        "favorites_score": 4.1600336108777025,
        "retweets_score": 1.7718661675960583
    },
    "Cheng feng po lang": {
        "favorites_score": 5.7,
        "retweets_score": 0.2
    },
    "Chi-raq": {
        "favorites_score": 49.024305555555564,
        "retweets_score": 22.26103670634921
    },
    "China Heavyweight": {
        "favorites_score": 0.0,
        "retweets_score": 0.13670251219953009
    },
    "Christine": {
        "favorites_score": 5.084488030184752,
        "retweets_score": 1.041499967473328
    },
    "Christmas Eve": {
        "favorites_score": 0.3336641852770885,
        "retweets_score": 0.0
    },
    "City of Gold": {
        "favorites_score": 1.0004960317460319,
        "retweets_score": 0.0
    },
    "Client 9: The Rise and Fall of Eliot Spitzer": {
        "favorites_score": 0.0,
        "retweets_score": 0.20059671805072102
    },
    "Closed Circuit": {
        "favorites_score": 0.28145704605457783,
        "retweets_score": 1.1652321706659523
    },
    "Cloudy with a Chance of Meatballs": {
        "favorites_score": 0.0,
        "retweets_score": 0.0
    },
    "Clown": {
        "favorites_score": 300.6490575396826,
        "retweets_score": 193.59598214285717
    },
    "Collapse": {
        "favorites_score": 0.005737040460783617,
        "retweets_score": 0.0
    },
    "Colossal": {
        "favorites_score": 12.482954545454545,
        "retweets_score": 3.8238636363636362
    },
    "Comet": {
        "favorites_score": 14.020854021847072,
        "retweets_score": 6.008937437934459
    },
    "Comic-Con Episode IV: A Fan's Hope": {
        "favorites_score": 9.774229622266402,
        "retweets_score": 21.177497514910538
    },
    "Comme un chef": {
        "favorites_score": 2.002979145978153,
        "retweets_score": 0.0
    },
    "Compliance": {
        "favorites_score": 1.0024850894632207,
        "retweets_score": 1.0024850894632207
    },
    "Connected: An Autobiography about Love, Death & Technology": {
        "favorites_score": 0.0864641026080694,
        "retweets_score": 0.25939230782420825
    },
    "Conte d'hiver": {
        "favorites_score": 30.54543197616683,
        "retweets_score": 9.514150943396226
    },
    "Contracted": {
        "favorites_score": 0.5783281155709366,
        "retweets_score": 0.3496867675545198
    },
    "Cool It": {
        "favorites_score": 0.33432786341786835,
        "retweets_score": 1.3373114536714734
    },
    "Cop Car": {
        "favorites_score": 3.0029776674937967,
        "retweets_score": 0.0
    },
    "Cop Out": {
        "favorites_score": 6.287586840571915,
        "retweets_score": 6.884252162610371
    },
    "Cost of a Soul": {
        "favorites_score": 0.14969904332143358,
        "retweets_score": 1.4071710072214758
    },
    "Criminal": {
        "favorites_score": 23.89419934640523,
        "retweets_score": 10.181518440709617
    },
    "Crimson Peak": {
        "favorites_score": 437.6561896884478,
        "retweets_score": 195.0406189688448
    },
    "Crystal Fairy": {
        "favorites_score": 21.012561601499783,
        "retweets_score": 3.846843126154303
    },
    "Cuban Fury": {
        "favorites_score": 0.2921011254551473,
        "retweets_score": 0.20864366103939094
    },
    "Dabangg 2": {
        "favorites_score": 40.60064612326044,
        "retweets_score": 52.254535288270375
    },
    "Dance Flick": {
        "favorites_score": 0.0,
        "retweets_score": 0.0
    },
    "Dancing Across Borders": {
        "favorites_score": 0.0,
        "retweets_score": 0.1584446190102121
    },
    "Danny Collins": {
        "favorites_score": 35.59084642955611,
        "retweets_score": 7.785497656465399
    },
    "Dark Skies": {
        "favorites_score": 1.2524838549428714,
        "retweets_score": 1.5029806259314455
    },
    "Dawn of the Planet of the Apes": {
        "favorites_score": 8.679576299238661,
        "retweets_score": 2.628910129096326
    },
    "Dawson City: Frozen Time": {
        "favorites_score": 17.76835128135224,
        "retweets_score": 9.70710272022295
    },
    "Deadfall Trail": {
        "favorites_score": 0.007715258386566193,
        "retweets_score": 0.3317561106223463
    },
    "Deadpool": {
        "favorites_score": 7.828442634363689,
        "retweets_score": 6.2838171818434985
    },
    "Dean": {
        "favorites_score": 779.3333333333334,
        "retweets_score": 216.66666666666666
    },
    "Dear Zindagi": {
        "favorites_score": 330.91406250000006,
        "retweets_score": 179.0887896825397
    },
    "Deliver Us from Evil": {
        "favorites_score": 14.330137566446638,
        "retweets_score": 6.112031952800981
    },
    "Design is One": {
        "favorites_score": 0.0,
        "retweets_score": 0.10024850894632208
    },
    "Detour": {
        "favorites_score": 2.764705882352941,
        "retweets_score": 1.453781512605042
    },
    "Devil's Due": {
        "favorites_score": 0.3338298576630255,
        "retweets_score": 0.0
    },
    "Diary of a Wimpy Kid: Dog Days": {
        "favorites_score": 1.6126934047886594,
        "retweets_score": 3.486904659002507
    },
    "Diary of a Wimpy Kid: Rodrick Rules": {
        "favorites_score": 0.18236065277338273,
        "retweets_score": 0.36472130554676546
    },
    "Diary of a Wimpy Kid: The Long Haul": {
        "favorites_score": 1.75,
        "retweets_score": 0.25
    },
    "Dil Toh Baccha Hai Ji": {
        "favorites_score": 3.0282389167272306,
        "retweets_score": 4.359120988409899
    },
    "Disney Planes": {
        "favorites_score": 0.10980680372101885,
        "retweets_score": 0.08235510279076413
    },
    "Divergent": {
        "favorites_score": 681.680569347898,
        "retweets_score": 307.29038397881493
    },
    "Doctor Strange": {
        "favorites_score": 259.18564342403636,
        "retweets_score": 80.11114654195012
    },
    "Documented": {
        "favorites_score": 7.733284930006241,
        "retweets_score": 12.19084285477728
    },
    "Dom Hemingway": {
        "favorites_score": 3.8713137334597842,
        "retweets_score": 1.001987083954297
    },
    "Don 2": {
        "favorites_score": 9.95608710913505,
        "retweets_score": 25.384334688624328
    },
    "Don Jon": {
        "favorites_score": 227.3663930927842,
        "retweets_score": 129.49624623048774
    },
    "Don Verdean": {
        "favorites_score": 1.5014888337468983,
        "retweets_score": 0.0
    },
    "Don?t Breathe": {
        "favorites_score": 16.293792517006803,
        "retweets_score": 4.777879008746357
    },
    "Don?t Think Twice": {
        "favorites_score": 159.96548748225578,
        "retweets_score": 41.1992878113305
    },
    "Dope": {
        "favorites_score": 5.767623774075387,
        "retweets_score": 3.0029776674937967
    },
    "Douchebag": {
        "favorites_score": 0.0,
        "retweets_score": 0.0
    },
    "Drunk Stoned Brilliant Dead The Story of the National Lampoon": {
        "favorites_score": 0.5004962779156328,
        "retweets_score": 0.667328370554177
    },
    "Dumb and Dumber To": {
        "favorites_score": 3.0044687189672294,
        "retweets_score": 1.6691492883151275
    },
    "E gun tian shi": {
        "favorites_score": 2.001985111662531,
        "retweets_score": 1.0009925558312656
    },
    "Eames: The Architect and the Painter": {
        "favorites_score": 0.14321215563760295,
        "retweets_score": 1.1456972451008236
    },
    "Earth to Echo": {
        "favorites_score": 5.821158142999007,
        "retweets_score": 2.3785377358490565
    },
    "Eddie the Eagle": {
        "favorites_score": 62.53100198412699,
        "retweets_score": 16.508184523809526
    },
    "Ek Tha Tiger": {
        "favorites_score": 5.503438552359313,
        "retweets_score": 14.167773968434293
    },
    "Ek Villain": {
        "favorites_score": 25.191314643648308,
        "retweets_score": 11.286017110992287
    },
    "English Vinglish": {
        "favorites_score": 1.3880562777183054,
        "retweets_score": 2.6604411989600854
    },
    "Equals": {
        "favorites_score": 99.44930555555557,
        "retweets_score": 106.4527777777778
    },
    "Escape from Tomorrow": {
        "favorites_score": 0.7511171797418074,
        "retweets_score": 2.253351539225422
    },
    "Everly": {
        "favorites_score": 3.8734059769122884,
        "retweets_score": 1.8092474145770079
    },
    "Every Secret Thing": {
        "favorites_score": 5.51640158236606,
        "retweets_score": 2.3313363830237517
    },
    "Evocateur: The Morton Downey Jr. Movie": {
        "favorites_score": 0.10019870839542971,
        "retweets_score": 0.32564580228514656
    },
    "Exists": {
        "favorites_score": 7.344256868586561,
        "retweets_score": 18.471918790687408
    },
    "Expecting Mary": {
        "favorites_score": 0.008362354892205638,
        "retweets_score": 0.09616708126036486
    },
    "Extraction": {
        "favorites_score": 5.224961143075287,
        "retweets_score": 1.2649905925340168
    },
    "Eye in the Sky": {
        "favorites_score": 9.095418470418473,
        "retweets_score": 7.276334776334777
    },
    "Fading Gigolo": {
        "favorites_score": 10.014895729890764,
        "retweets_score": 2.002979145978153
    },
    "Fast Five": {
        "favorites_score": 2.5074589756340124,
        "retweets_score": 3.510442565887618
    },
    "Finding Bliss": {
        "favorites_score": 0.1203580308304326,
        "retweets_score": 0.6820288413724515
    },
    "Finding Dory": {
        "favorites_score": 190.38850957049488,
        "retweets_score": 36.37097338935575
    },
    "Finding Fela!": {
        "favorites_score": 10.130044665012406,
        "retweets_score": 5.405359801488834
    },
    "Fist Fight": {
        "favorites_score": 4.774193548387097,
        "retweets_score": 0.6774193548387096
    },
    "Fitoor": {
        "favorites_score": 145.6436366213152,
        "retweets_score": 95.47590702947846
    },
    "For Colored Girls": {
        "favorites_score": 49.170646766169156,
        "retweets_score": 78.27164179104477
    },
    "For the Love of Spock": {
        "favorites_score": 330.36378968253973,
        "retweets_score": 114.65684523809524
    },
    "Fort McCoy": {
        "favorites_score": 51.0759682224429,
        "retweets_score": 13.269736842105264
    },
    "Frank": {
        "favorites_score": 0.667659715326051,
        "retweets_score": 0.02384498983307325
    },
    "Freakonomics": {
        "favorites_score": 0.15679415422885573,
        "retweets_score": 1.09755907960199
    },
    "Free State of Jones": {
        "favorites_score": 6.002976190476192,
        "retweets_score": 2.0009920634920637
    },
    "Frontera": {
        "favorites_score": 8.43590487028755,
        "retweets_score": 2.9459875760189624
    },
    "Frozen": {
        "favorites_score": 5.600850879539403,
        "retweets_score": 2.1067420739551888
    },
    "Fun Size ": {
        "favorites_score": 17.101216232019645,
        "retweets_score": 25.769763770319262
    },
    "Furious 7": {
        "favorites_score": 141.60708023159637,
        "retweets_score": 56.98984284532671
    },
    "Fury": {
        "favorites_score": 58.94481486735707,
        "retweets_score": 23.892679812739395
    },
    "G.I. Joe: Retaliation": {
        "favorites_score": 182.8099066593458,
        "retweets_score": 285.9091039820117
    },
    "G?eros": {
        "favorites_score": 69.72871151936445,
        "retweets_score": 49.07298907646475
    },
    "Gabbar is Back": {
        "favorites_score": 31.406141439205957,
        "retweets_score": 39.85201612903226
    },
    "Gangster Squad": {
        "favorites_score": 3.4614099263875717,
        "retweets_score": 3.005961251862891
    },
    "GasLand": {
        "favorites_score": 0.4457704845571578,
        "retweets_score": 3.8447704293054863
    },
    "Get Out": {
        "favorites_score": 1150.0,
        "retweets_score": 204.57142857142858
    },
    "Ghostbusters": {
        "favorites_score": 331.7941284538507,
        "retweets_score": 66.44034758965314
    },
    "Gifted": {
        "favorites_score": 53.666666666666664,
        "retweets_score": 14.0
    },
    "God Loves Uganda": {
        "favorites_score": 1.3359827786057292,
        "retweets_score": 0.6679913893028646
    },
    "God?s Pocket": {
        "favorites_score": 1.0014895729890765,
        "retweets_score": 0.0
    },
    "Godzilla": {
        "favorites_score": 0.6096023487759596,
        "retweets_score": 2.7805331622740197
    },
    "Going in Style": {
        "favorites_score": 1760.5277777777778,
        "retweets_score": 336.80555555555554
    },
    "Gold": {
        "favorites_score": 14.0,
        "retweets_score": 1.0
    },
    "Good Ol' Freda": {
        "favorites_score": 0.26719655572114587,
        "retweets_score": 1.3359827786057292
    },
    "Green Room": {
        "favorites_score": 18.305371840094065,
        "retweets_score": 4.780147707231041
    },
    "Gregory Crewdson: Brief Encounters": {
        "favorites_score": 3.673703122877641,
        "retweets_score": 23.991149377029746
    },
    "Guardians of the Galaxy": {
        "favorites_score": 156.8046531422897,
        "retweets_score": 89.63981996156774
    },
    "Halloween 2": {
        "favorites_score": 3.977313627139411,
        "retweets_score": 1.003982080637133
    },
    "Hamari Adhuri Kahani": {
        "favorites_score": 87.58684863523574,
        "retweets_score": 55.17971464019851
    },
    "Hands of Stone": {
        "favorites_score": 8.393050044091712,
        "retweets_score": 3.72406856261023
    },
    "Hanna": {
        "favorites_score": 0.0,
        "retweets_score": 0.0
    },
    "Hardcore Henry": {
        "favorites_score": 1.2863520408163267,
        "retweets_score": 0.4287840136054422
    },
    "Hatchet II": {
        "favorites_score": 0.22681455735023512,
        "retweets_score": 1.9313603216792747
    },
    "Hell Baby": {
        "favorites_score": 159.64922016472926,
        "retweets_score": 82.65234534727496
    },
    "Hellion": {
        "favorites_score": 6.315275424966411,
        "retweets_score": 2.3682282843624045
    },
    "Hello, My Name is Doris": {
        "favorites_score": 35.04176345334882,
        "retweets_score": 5.880964479287651
    },
    "Here Comes the Boom": {
        "favorites_score": 1.9214297548045063,
        "retweets_score": 6.633109675281643
    },
    "High Strung": {
        "favorites_score": 12.520770727384805,
        "retweets_score": 4.643078671598089
    },
    "Hillary?s America: The Secret History of the Democratic Party": {
        "favorites_score": 320.34954641220753,
        "retweets_score": 210.73850177957783
    },
    "Hitchcock/Truffaut": {
        "favorites_score": 0.5113646384479718,
        "retweets_score": 0.3779651675485009
    },
    "Hollidaysburg": {
        "favorites_score": 7.118025064219883,
        "retweets_score": 2.1933449325793823
    },
    "Holy Hell": {
        "favorites_score": 36.017857142857146,
        "retweets_score": 19.009424603174605
    },
    "Holy Rollers": {
        "favorites_score": 0.06351155614333397,
        "retweets_score": 0.5461993828326721
    },
    "Home": {
        "favorites_score": 3.553982744098163,
        "retweets_score": 0.8999749584537985
    },
    "Home Run": {
        "favorites_score": 4.675939725120053,
        "retweets_score": 1.13558536181487
    },
    "Hop": {
        "favorites_score": 0.0,
        "retweets_score": 0.17910421254528663
    },
    "Horns": {
        "favorites_score": 19.74365158178465,
        "retweets_score": 10.873315363881403
    },
    "Housefull 3": {
        "favorites_score": 60.9148160866911,
        "retweets_score": 18.547657203907207
    },
    "How Do You Know?": {
        "favorites_score": 0.2926824212271974,
        "retweets_score": 0.9198590381426202
    },
    "How to Be a Latin Lover": {
        "favorites_score": 10.56,
        "retweets_score": 0.58
    },
    "How to Let Go of the World and Love All The Things Climate Can?t Change": {
        "favorites_score": 57.96720085470086,
        "retweets_score": 26.720940170940175
    },
    "How to Train Your Dragon 2": {
        "favorites_score": 36.11253577895906,
        "retweets_score": 14.315409778608565
    },
    "How to be Single": {
        "favorites_score": 105.05208333333334,
        "retweets_score": 32.01587301587302
    },
    "Huang jin shi dai": {
        "favorites_score": 0.9902997453579137,
        "retweets_score": 1.499436902575824
    },
    "Hunt for the Wilderpeople": {
        "favorites_score": 97.67180091733665,
        "retweets_score": 19.724064625850342
    },
    "Hyena": {
        "favorites_score": 0.8758684863523574,
        "retweets_score": 0.625620347394541
    },
    "I Am": {
        "favorites_score": 0.33432786341786835,
        "retweets_score": 3.008950770760815
    },
    "I Can Do Bad All By Myself": {
        "favorites_score": 9.035838725734196,
        "retweets_score": 2.7837684963120504
    },
    "I Declare War": {
        "favorites_score": 20.630685203574977,
        "retweets_score": 7.544554783184376
    },
    "I Hate Luv Storys": {
        "favorites_score": 0.36376243781094525,
        "retweets_score": 2.5337935323383083
    },
    "I Smile Back": {
        "favorites_score": 1.2679239040529364,
        "retweets_score": 0.8675268817204301
    },
    "I am Number Four": {
        "favorites_score": 0.0,
        "retweets_score": 0.0
    },
    "I'll See You in My Dreams": {
        "favorites_score": 2.391259994485801,
        "retweets_score": 1.445878136200717
    },
    "I'm in Love with a Church Girl": {
        "favorites_score": 2.7387646961417453,
        "retweets_score": 1.2691836396754428
    },
    "I, Daniel Blake": {
        "favorites_score": 258.2708333333333,
        "retweets_score": 229.47916666666666
    },
    "I, Frankenstein": {
        "favorites_score": 11.767502482621648,
        "retweets_score": 5.883751241310824
    },
    "Ilo Ilo": {
        "favorites_score": 1.717692143921652,
        "retweets_score": 2.433397203889007
    },
    "In a Valley of Violence": {
        "favorites_score": 34.70470610119048,
        "retweets_score": 8.254092261904763
    },
    "In a World...": {
        "favorites_score": 20.665983606557376,
        "retweets_score": 8.182894518960092
    },
    "In the Heart of the Sea": {
        "favorites_score": 133.3349138220106,
        "retweets_score": 37.05025149218698
    },
    "In the Loop": {
        "favorites_score": 2.007964161274266,
        "retweets_score": 0.0
    },
    "Independence Day: Resurgence": {
        "favorites_score": 66.80235042735043,
        "retweets_score": 23.857982295482298
    },
    "Indignation": {
        "favorites_score": 115.39054232804233,
        "retweets_score": 31.793540564373902
    },
    "Inferno": {
        "favorites_score": 212.61102751025507,
        "retweets_score": 36.69234884965222
    },
    "Insidious": {
        "favorites_score": 0.21174098016464996,
        "retweets_score": 0.3900491739875131
    },
    "Iris": {
        "favorites_score": 4.176673910304864,
        "retweets_score": 1.8739449483497104
    },
    "Is That a Gun in Your Pocket?": {
        "favorites_score": 9.703086514778327,
        "retweets_score": 2.9928631294471812
    },
    "Is the Man Who Is Tall Happy?": {
        "favorites_score": 25.049677098857426,
        "retweets_score": 18.035767511177347
    },
    "Island of Lemurs: Madagascar": {
        "favorites_score": 0.34426204071499505,
        "retweets_score": 0.2503723932472691
    },
    "Jack the Giant Slayer": {
        "favorites_score": 224.34490809736712,
        "retweets_score": 280.4561847988077
    },
    "Jake Squared": {
        "favorites_score": 0.0,
        "retweets_score": 0.0
    },
    "Janis: Little Girl Blue": {
        "favorites_score": 7.566825083063465,
        "retweets_score": 2.6297262059973927
    },
    "Jeff, Who Lives at Home": {
        "favorites_score": 8.621371769383698,
        "retweets_score": 11.348131212723658
    },
    "Jem and the Holograms": {
        "favorites_score": 40.49469884953756,
        "retweets_score": 44.498669072862626
    },
    "Jesus Henry Christ": {
        "favorites_score": 1.9119374689209347,
        "retweets_score": 4.7328288165091985
    },
    "Jimmy's Hall": {
        "favorites_score": 3.5409809902113776,
        "retweets_score": 3.397911051212938
    },
    "Jiro Dreams of Sushi": {
        "favorites_score": 0.05896971114489533,
        "retweets_score": 0.9435153783183253
    },
    "Jodi Breakers": {
        "favorites_score": 0.14851630955010675,
        "retweets_score": 1.225259553788381
    },
    "John Carter": {
        "favorites_score": 2.2874887041388035,
        "retweets_score": 6.17895355141876
    },
    "Jurassic World": {
        "favorites_score": 331.20341191067,
        "retweets_score": 149.14789081885857
    },
    "Just Before I Go": {
        "favorites_score": 246.22141890367698,
        "retweets_score": 82.6273855177081
    },
    "Justin Bieber: Never Say Never": {
        "favorites_score": 48.652079006639944,
        "retweets_score": 196.85027934595018
    },
    "Justin Bieber?s Believe": {
        "favorites_score": 2133.1576299507747,
        "retweets_score": 2403.657706724473
    },
    "Kahaani 2": {
        "favorites_score": 21.901369337272623,
        "retweets_score": 8.208449194763064
    },
    "Kahlil Gibran's The Prophet": {
        "favorites_score": 13.012903225806452,
        "retweets_score": 9.676261373035567
    },
    "Kai Po Che": {
        "favorites_score": 3.9380422601924696,
        "retweets_score": 4.031250361025427
    },
    "Kate Plays Christine": {
        "favorites_score": 388.2530964405965,
        "retweets_score": 185.03112974987977
    },
    "Katti Batti": {
        "favorites_score": 49.17574540155186,
        "retweets_score": 32.52431367915239
    },
    "Keanu": {
        "favorites_score": 9.979085420087575,
        "retweets_score": 2.07861675561029
    },
    "Keep the Lights On": {
        "favorites_score": 0.07335256752169907,
        "retweets_score": 0.12225427920283179
    },
    "Keeping Up with the Joneses": {
        "favorites_score": 13.91599025974026,
        "retweets_score": 3.8655528499278504
    },
    "Kevin Hart: Laugh at My Pain": {
        "favorites_score": 0.0,
        "retweets_score": 0.2864243112752059
    },
    "Kevin Hart: Let Me Explain": {
        "favorites_score": 1.2023845007451563,
        "retweets_score": 1.3025832091405862
    },
    "Kids for Cash": {
        "favorites_score": 4.716541195272742,
        "retweets_score": 3.766446566009169
    },
    "Kiki, el amor se hace": {
        "favorites_score": 157.05513843795094,
        "retweets_score": 33.834956709956714
    },
    "Killer Joe": {
        "favorites_score": 0.6546841400576134,
        "retweets_score": 1.125238365724023
    },
    "King Cobra": {
        "favorites_score": 12.44366939484127,
        "retweets_score": 2.1885850694444446
    },
    "Knights of Badassdom": {
        "favorites_score": 5.211140659451636,
        "retweets_score": 2.1048255432312795
    },
    "Knock Knock": {
        "favorites_score": 46.11715703651188,
        "retweets_score": 10.58192130450195
    },
    "Kong: Skull Island": {
        "favorites_score": 178.61111111111111,
        "retweets_score": 42.44444444444444
    },
    "Krampus": {
        "favorites_score": 49.230633882246785,
        "retweets_score": 15.014888337468983
    },
    "Ktown Cowboys": {
        "favorites_score": 1.294759570494865,
        "retweets_score": 0.08827906162464988
    },
    "Kurt Cobain: Montage Of Heck": {
        "favorites_score": 25.975756823821342,
        "retweets_score": 6.979142542045769
    },
    "L.A. Slasher": {
        "favorites_score": 4.003970223325062,
        "retweets_score": 4.003970223325062
    },
    "La danza de la realidad": {
        "favorites_score": 68.32616204785624,
        "retweets_score": 91.5278162759186
    },
    "La mafia uccide solo d'estate": {
        "favorites_score": 70.82022332506205,
        "retweets_score": 31.781513647642683
    },
    "La tete haute": {
        "favorites_score": 13.951333746898264,
        "retweets_score": 10.07248759305211
    },
    "Labor Day": {
        "favorites_score": 32.79878351539225,
        "retweets_score": 11.51713008937438
    },
    "Laggies": {
        "favorites_score": 20.41271394357147,
        "retweets_score": 6.80423798119049
    },
    "Lamb": {
        "favorites_score": 3.463255494505495,
        "retweets_score": 0.23088369963369967
    },
    "Larry Crowne": {
        "favorites_score": 111.19440802857012,
        "retweets_score": 78.0503593870078
    },
    "Last Weekend": {
        "favorites_score": 2.5530931367749696,
        "retweets_score": 5.233135656041512
    },
    "Law Abiding Citizen": {
        "favorites_score": 0.25777918286629087,
        "retweets_score": 0.0
    },
    "Lazer Team": {
        "favorites_score": 223.16619819223988,
        "retweets_score": 21.427290013227516
    },
    "Legend of the Guardians: The Owls of Ga'Hoole": {
        "favorites_score": 43.1497512437811,
        "retweets_score": 21.073134328358208
    },
    "Les saveurs du Palais": {
        "favorites_score": 0.0,
        "retweets_score": 0.0
    },
    "Let Me In": {
        "favorites_score": 0.18933633718201448,
        "retweets_score": 0.3313385900685253
    },
    "Let?s Be Cops": {
        "favorites_score": 20.363621317444554,
        "retweets_score": 10.014895729890764
    },
    "Liberal Arts": {
        "favorites_score": 18.646222664015905,
        "retweets_score": 25.062127236580515
    },
    "Life, Animated": {
        "favorites_score": 5.431264172335601,
        "retweets_score": 2.5727040816326534
    },
    "Lights Out": {
        "favorites_score": 17.355973266499586,
        "retweets_score": 3.970389515455305
    },
    "Like Crazy": {
        "favorites_score": 0.0,
        "retweets_score": 0.5012425447316103
    },
    "Little Men": {
        "favorites_score": 1.25,
        "retweets_score": 0.0
    },
    "Locker 13": {
        "favorites_score": 3.2270219574092467,
        "retweets_score": 1.1313122954135864
    },
    "Looper": {
        "favorites_score": 2.0660973185278575,
        "retweets_score": 1.888828613683751
    },
    "Lost River": {
        "favorites_score": 711.6056079404467,
        "retweets_score": 221.41955334987594
    },
    "Love and Honor": {
        "favorites_score": 0.0,
        "retweets_score": 0.0
    },
    "Love is Strange": {
        "favorites_score": 0.3338298576630255,
        "retweets_score": 0.667659715326051
    },
    "Love, Rosie": {
        "favorites_score": 69.72871151936445,
        "retweets_score": 49.07298907646475
    },
    "Loving": {
        "favorites_score": 0.0,
        "retweets_score": 0.0
    },
    "Lucha Mexico": {
        "favorites_score": 9.95842561830934,
        "retweets_score": 0.7212878368401624
    },
    "MOOZ-lum": {
        "favorites_score": 0.018236065277338273,
        "retweets_score": 0.5835540888748247
    },
    "Machete": {
        "favorites_score": 12.543532338308458,
        "retweets_score": 41.31003316749585
    },
    "Machete Kills": {
        "favorites_score": 117.3235785575577,
        "retweets_score": 118.41665537641693
    },
    "Madea's Big Happy Family": {
        "favorites_score": 18.05370462456489,
        "retweets_score": 47.64172053704624
    },
    "Magic Trip": {
        "favorites_score": 0.0,
        "retweets_score": 0.2865667400724586
    },
    "Main Street": {
        "favorites_score": 0.8771744532803181,
        "retweets_score": 3.007455268389662
    },
    "Mansome": {
        "favorites_score": 10.288662760280424,
        "retweets_score": 20.630087893690487
    },
    "Massacre on Aisle 12": {
        "favorites_score": 12.431163194444446,
        "retweets_score": 57.253385416666674
    },
    "Masterminds": {
        "favorites_score": 4.43076814058957,
        "retweets_score": 2.5727040816326534
    },
    "Maze Runner: The Scorch Trials": {
        "favorites_score": 384.6121397213209,
        "retweets_score": 191.1125787364001
    },
    "Me, You and Five Bucks": {
        "favorites_score": 0.6005955334987593,
        "retweets_score": 0.20019851116625312
    },
    "Meet the Patels": {
        "favorites_score": 1.3170954681990337,
        "retweets_score": 0.3687867310957294
    },
    "Meeting Evil": {
        "favorites_score": 0.0,
        "retweets_score": 0.6683233929754804
    },
    "Mememe no kurage": {
        "favorites_score": 4.089061575946822,
        "retweets_score": 4.709339294585196
    },
    "Memoria": {
        "favorites_score": 3.791353383458647,
        "retweets_score": 0.526576858813701
    },
    "Men, Women and Children": {
        "favorites_score": 15.211814595131377,
        "retweets_score": 7.308167154244612
    },
    "Menu degustacio": {
        "favorites_score": 0.4125829169223576,
        "retweets_score": 0.9135764588995061
    },
    "Meru": {
        "favorites_score": 1.4751469243829176,
        "retweets_score": 0.4039092769143703
    },
    "Michael Jackson's This Is It": {
        "favorites_score": 3.6230657692557404,
        "retweets_score": 1.1567619624732184
    },
    "Michael Moore in TrumpLand": {
        "favorites_score": 3033.408176080716,
        "retweets_score": 1088.6674054373523
    },
    "Midnight Special": {
        "favorites_score": 0.0,
        "retweets_score": 0.0
    },
    "Mike and Dave Need Wedding Dates": {
        "favorites_score": 412.12099041005297,
        "retweets_score": 66.11611276455027
    },
    "Miles Ahead": {
        "favorites_score": 18.39483418367347,
        "retweets_score": 6.6223308767951625
    },
    "Misery Loves Comedy": {
        "favorites_score": 22.495990596839494,
        "retweets_score": 10.405054198772365
    },
    "Miss Sharon Jones": {
        "favorites_score": 6.878410218253969,
        "retweets_score": 3.6267981150793656
    },
    "Miss Sloane": {
        "favorites_score": 15.757812500000002,
        "retweets_score": 2.7513640873015874
    },
    "Miss You Already": {
        "favorites_score": 24.71200372208437,
        "retweets_score": 12.762655086848635
    },
    "Moana": {
        "favorites_score": 8.90184930809931,
        "retweets_score": 1.898377085877086
    },
    "Mommy": {
        "favorites_score": 56.330697463434966,
        "retweets_score": 39.367195066632334
    },
    "Monsters": {
        "favorites_score": 0.0,
        "retweets_score": 0.027121151001748018
    },
    "Moon": {
        "favorites_score": 0.11201452965786193,
        "retweets_score": 0.0
    },
    "Moonlight": {
        "favorites_score": 169.2839285714286,
        "retweets_score": 43.8717509920635
    },
    "Morgan": {
        "favorites_score": 29.014384920634924,
        "retweets_score": 2.0009920634920637
    },
    "Morning": {
        "favorites_score": 1.1365823638884562,
        "retweets_score": 0.8075716796049558
    },
    "Morris from America": {
        "favorites_score": 6.681884212018142,
        "retweets_score": 0.6431760204081634
    },
    "Movie 43": {
        "favorites_score": 29.057625434674613,
        "retweets_score": 26.051664182811724
    },
    "Mr. Right": {
        "favorites_score": 23.11145833333334,
        "retweets_score": 5.35265376984127
    },
    "Mr. X": {
        "favorites_score": 22.712175921964576,
        "retweets_score": 30.167844613673314
    },
    "Mud": {
        "favorites_score": 4.317653434493971,
        "retweets_score": 1.8035767511177347
    },
    "My Name is Khan": {
        "favorites_score": 3.640293214777178,
        "retweets_score": 13.99537948555097
    },
    "My Soul to Take": {
        "favorites_score": 1.1038308457711443,
        "retweets_score": 4.50133617626155
    },
    "My Week with Marilyn": {
        "favorites_score": 0.4553776070691655,
        "retweets_score": 1.9713815394639822
    },
    "Naam Hai Akira": {
        "favorites_score": 314.96567932728647,
        "retweets_score": 47.97616685563114
    },
    "Nasty Baby": {
        "favorites_score": 63.299129257838935,
        "retweets_score": 18.127065192871644
    },
    "Never Let Me Go": {
        "favorites_score": 0.7526119402985074,
        "retweets_score": 1.5052238805970148
    },
    "New York, I Love You": {
        "favorites_score": 0.2253837323879278,
        "retweets_score": 0.0
    },
    "Newlyweds": {
        "favorites_score": 1.1462669602898343,
        "retweets_score": 3.7540242949492075
    },
    "Nh10": {
        "favorites_score": 4.592432513722836,
        "retweets_score": 10.968451763290473
    },
    "Night at the Museum: Secret of the Tomb": {
        "favorites_score": 123.73960057376145,
        "retweets_score": 20.363621317444554
    },
    "No se Aceptan Devoluciones": {
        "favorites_score": 71.72715087778496,
        "retweets_score": 51.85125614324501
    },
    "Noah": {
        "favorites_score": 107.3262992386627,
        "retweets_score": 62.67655577623304
    },
    "Nocturnal Animals": {
        "favorites_score": 109.66975732600734,
        "retweets_score": 42.94436813186813
    },
    "Not Cool": {
        "favorites_score": 671.0606070009931,
        "retweets_score": 143.11058386747314
    },
    "Not Fade Away": {
        "favorites_score": 0.582974303391591,
        "retweets_score": 0.20039741679085943
    },
    "Now You See Me 2": {
        "favorites_score": 34.89534939992257,
        "retweets_score": 11.957147696476966
    },
    "Objectified": {
        "favorites_score": 0.43763321463669896,
        "retweets_score": 0.0
    },
    "Oculus": {
        "favorites_score": 3.204766633565045,
        "retweets_score": 1.5451553411831467
    },
    "Office Christmas Party": {
        "favorites_score": 380.6887400793651,
        "retweets_score": 171.58506944444446
    },
    "On Any Sunday: The Next Chapter": {
        "favorites_score": 0.3755585898709037,
        "retweets_score": 0.0
    },
    "One Direction: This is Us": {
        "favorites_score": 169.05585020893602,
        "retweets_score": 99.38827766576078
    },
    "One Small Hitch": {
        "favorites_score": 0.5561069754618142,
        "retweets_score": 0.22244279018472568
    },
    "Operation Chromite": {
        "favorites_score": 5.145408163265307,
        "retweets_score": 3.85905612244898
    },
    "Other People": {
        "favorites_score": 206.03197229184073,
        "retweets_score": 36.632196811473136
    },
    "Ouija: Origin of Evil": {
        "favorites_score": 19.89875440917108,
        "retweets_score": 5.373034244562023
    },
    "Out of the Furnace": {
        "favorites_score": 1.5712979271101475,
        "retweets_score": 2.0153603847717108
    },
    "Ouwehoeren": {
        "favorites_score": 0.0,
        "retweets_score": 0.2865667400724586
    },
    "P.K.": {
        "favorites_score": 363.03997020854024,
        "retweets_score": 122.18172790466733
    },
    "POM Wonderful Presents: The Greatest Movie Ever Sold": {
        "favorites_score": 0.6404594010053141,
        "retweets_score": 3.4439797978587645
    },
    "Paddington": {
        "favorites_score": 9.676261373035567,
        "retweets_score": 6.089371381306865
    },
    "Pan": {
        "favorites_score": 3.6531068532398763,
        "retweets_score": 3.6943848967793103
    },
    "Pandora's Promise": {
        "favorites_score": 2.186153637718466,
        "retweets_score": 5.920832768820846
    },
    "Paper Towns": {
        "favorites_score": 11.46136476426799,
        "retweets_score": 2.502481389578164
    },
    "ParaNorman": {
        "favorites_score": 2.201535882742759,
        "retweets_score": 2.024626749308073
    },
    "Parental Guidance": {
        "favorites_score": 0.5062053422042005,
        "retweets_score": 1.9354910143101784
    },
    "Pastorela": {
        "favorites_score": 0.0,
        "retweets_score": 1.6412458749604448
    },
    "Paul": {
        "favorites_score": 0.580674710146824,
        "retweets_score": 0.3695202700934334
    },
    "Paul Blart: Mall Cop 2": {
        "favorites_score": 9.32174317617866,
        "retweets_score": 3.3992038875103394
    },
    "Paul Goodman Changed My Life": {
        "favorites_score": 0.041790982927233544,
        "retweets_score": 0.48756146748439133
    },
    "Pawn Shop Chronicles": {
        "favorites_score": 1.5022343594836147,
        "retweets_score": 0.10014895729890766
    },
    "Pearl Jam Twenty": {
        "favorites_score": 1.073616237454563,
        "retweets_score": 3.8424160077321208
    },
    "Percy Jackson: Sea of Monsters": {
        "favorites_score": 228.11905944692828,
        "retweets_score": 263.1886073853287
    },
    "Piku": {
        "favorites_score": 12.120126081416405,
        "retweets_score": 5.329609013479982
    },
    "Pirates of the Caribbean: Dead Men Tell No Tales": {
        "favorites_score": 122.0,
        "retweets_score": 56.0
    },
    "Pitch Perfect 2": {
        "favorites_score": 461.37905901814827,
        "retweets_score": 132.97499148542792
    },
    "Plush": {
        "favorites_score": 12.46917260032014,
        "retweets_score": 12.246508803885853
    },
    "Popstar: Never Stop Never Stopping": {
        "favorites_score": 74.78126153562201,
        "retweets_score": 8.678721391657438
    },
    "Preggoland": {
        "favorites_score": 3.0029776674937967,
        "retweets_score": 1.0009925558312656
    },
    "Pride and Prejudice and Zombies": {
        "favorites_score": 7.128534226190477,
        "retweets_score": 2.0009920634920637
    },
    "Prince of Broadway": {
        "favorites_score": 0.0,
        "retweets_score": 0.0
    },
    "Project Nim": {
        "favorites_score": 0.017519364021897032,
        "retweets_score": 0.07883713809853665
    },
    "Prophet?s Prey": {
        "favorites_score": 5.830105291395615,
        "retweets_score": 1.7585004359197909
    },
    "Pyaar Ka Punchnama 2": {
        "favorites_score": 2.1688172043010754,
        "retweets_score": 1.1678246484698098
    },
    "Queen of Katwe": {
        "favorites_score": 13.144447865353039,
        "retweets_score": 4.933480432402847
    },
    "Ra. One": {
        "favorites_score": 2.2880563152660365,
        "retweets_score": 13.963412170561908
    },
    "Raanjhanaa": {
        "favorites_score": 7.1108760796756565,
        "retweets_score": 11.118824415492846
    },
    "Raees": {
        "favorites_score": 803.75,
        "retweets_score": 427.6666666666667
    },
    "Range 15": {
        "favorites_score": 10.617508908325235,
        "retweets_score": 3.7569646906381604
    },
    "Rebelle": {
        "favorites_score": 0.19001351368910718,
        "retweets_score": 0.176909133434686
    },
    "Red Army": {
        "favorites_score": 1.3012903225806454,
        "retweets_score": 0.45044665012406954
    },
    "Red Hook Summer": {
        "favorites_score": 8.718376746797986,
        "retweets_score": 22.288767036005098
    },
    "Red Lights": {
        "favorites_score": 1.0298255919031267,
        "retweets_score": 6.63462859208386
    },
    "Red State": {
        "favorites_score": 3.954069923115174,
        "retweets_score": 9.123293042114524
    },
    "Red Tails": {
        "favorites_score": 0.1359301816221316,
        "retweets_score": 0.7476159989217239
    },
    "Restrepo": {
        "favorites_score": 1.1468372423596305,
        "retweets_score": 3.440511727078891
    },
    "Return to Nuke 'Em High Volume 1": {
        "favorites_score": 1.322442412606347,
        "retweets_score": 1.3856307872701317
    },
    "Revenge of the Electric Car": {
        "favorites_score": 0.6379450569311405,
        "retweets_score": 0.3645400325320803
    },
    "Ride Along": {
        "favorites_score": 1.0785272324497746,
        "retweets_score": 0.8474142540676801
    },
    "Ride Along 2": {
        "favorites_score": 69.53447420634922,
        "retweets_score": 26.513144841269845
    },
    "Rings": {
        "favorites_score": 34.43478260869565,
        "retweets_score": 10.91304347826087
    },
    "Rising From Ashes": {
        "favorites_score": 0.0,
        "retweets_score": 0.0
    },
    "Road Hard": {
        "favorites_score": 4.3679675163546134,
        "retweets_score": 1.7289871418903677
    },
    "Rock of Ages": {
        "favorites_score": 3.8276703415868427,
        "retweets_score": 6.250342641122959
    },
    "Rogue One: A Star Wars Story": {
        "favorites_score": 5.050122826908542,
        "retweets_score": 10.62431500377929
    },
    "Room": {
        "favorites_score": 11.613165049970608,
        "retweets_score": 2.616111845972957
    },
    "Roseanne for President!": {
        "favorites_score": 5.002480158730159,
        "retweets_score": 1.8008928571428573
    },
    "Rudderless": {
        "favorites_score": 93.99320099255584,
        "retweets_score": 29.729478908188586
    },
    "Rush": {
        "favorites_score": 32.17920058083992,
        "retweets_score": 23.44071706981543
    },
    "Sabotage": {
        "favorites_score": 46.402350215160546,
        "retweets_score": 17.359152598477323
    },
    "Safety Not Guaranteed": {
        "favorites_score": 2.278375203325502,
        "retweets_score": 0.27340502439906017
    },
    "Salvation Boulevard": {
        "favorites_score": 0.13373114536714734,
        "retweets_score": 0.26746229073429467
    },
    "Sarusuberi: Miss Hokusai": {
        "favorites_score": 8.276863819858523,
        "retweets_score": 1.4342579904447983
    },
    "Savages": {
        "favorites_score": 4.143605036447979,
        "retweets_score": 9.55702451954937
    },
    "Scary Movie V": {
        "favorites_score": 0.14314101199347098,
        "retweets_score": 0.3339956946514323
    },
    "Scott Pilgrim vs. The World": {
        "favorites_score": 3.7630597014925375,
        "retweets_score": 7.5582823064166345
    },
    "Scream 4": {
        "favorites_score": 2.443165155745961,
        "retweets_score": 7.458083107013986
    },
    "Search Party": {
        "favorites_score": 3.5017361111111116,
        "retweets_score": 1.0004960317460319
    },
    "Secret in Their Eyes": {
        "favorites_score": 269.10016542597185,
        "retweets_score": 109.60868486352358
    },
    "Seeking a Friend for the End of the World": {
        "favorites_score": 0.974246072858623,
        "retweets_score": 0.9883655811609218
    },
    "Selma": {
        "favorites_score": 68.98507030603805,
        "retweets_score": 55.41208791208791
    },
    "Seoul Searching": {
        "favorites_score": 2.223324514991182,
        "retweets_score": 1.3062031525573194
    },
    "Serbuan maut": {
        "favorites_score": 0.02506212723658052,
        "retweets_score": 0.25062127236580517
    },
    "Serbuan maut 2: Berandal": {
        "favorites_score": 0.8620416577627494,
        "retweets_score": 0.2662187472502608
    },
    "Sex, Death and Bowling": {
        "favorites_score": 4.204168734491316,
        "retweets_score": 1.28127047146402
    },
    "Shadow Dancer": {
        "favorites_score": 0.06961702010161255,
        "retweets_score": 0.09282269346881672
    },
    "She's Out of My League": {
        "favorites_score": 0.0,
        "retweets_score": 0.16724709784411276
    },
    "Shootout at Wadala": {
        "favorites_score": 0.3339956946514323,
        "retweets_score": 1.1250381293521932
    },
    "Shrek Forever After": {
        "favorites_score": 0.06405208002540488,
        "retweets_score": 0.14945485339261141
    },
    "Silent House": {
        "favorites_score": 0.06554710200336443,
        "retweets_score": 0.4935311209665087
    },
    "Silent Night": {
        "favorites_score": 0.17573443799355265,
        "retweets_score": 0.1917102959929665
    },
    "Silicon Cowboys": {
        "favorites_score": 1.0004960317460319,
        "retweets_score": 0.16137032770097287
    },
    "Simon Killer": {
        "favorites_score": 0.2947020835159697,
        "retweets_score": 0.05894041670319394
    },
    "Sin City: A Dame to Kill For": {
        "favorites_score": 426.07122020854024,
        "retweets_score": 278.03854270109235
    },
    "Singh Is Bliing": {
        "favorites_score": 267.83079080806993,
        "retweets_score": 113.32976588628763
    },
    "Sinister": {
        "favorites_score": 2.7210309571144564,
        "retweets_score": 5.2988497585913095
    },
    "Sisters": {
        "favorites_score": 2.533762406947891,
        "retweets_score": 0.3753722084367246
    },
    "Situation amoureuse: C'est compliqu?": {
        "favorites_score": 21.663800763079497,
        "retweets_score": 19.713531594627085
    },
    "Sleeping with Other People": {
        "favorites_score": 5.7557071960297765,
        "retweets_score": 0.3753722084367246
    },
    "Sleepwalk With Me": {
        "favorites_score": 31.442033201303822,
        "retweets_score": 32.063586686537505
    },
    "Smashed": {
        "favorites_score": 0.9022365805168986,
        "retweets_score": 0.3007455268389662
    },
    "Smiling Through the Apocalypse": {
        "favorites_score": 1.4167413471552788,
        "retweets_score": 1.2946084724005136
    },
    "Snatched": {
        "favorites_score": 9.0,
        "retweets_score": 0.0
    },
    "Snitch": {
        "favorites_score": 3.91474023498423,
        "retweets_score": 2.9593572014464122
    },
    "Snowden": {
        "favorites_score": 129.3974867724868,
        "retweets_score": 63.14241622574957
    },
    "Solitary Man": {
        "favorites_score": 0.0,
        "retweets_score": 0.4300639658848614
    },
    "Somm": {
        "favorites_score": 1.2524838549428714,
        "retweets_score": 0.7514903129657228
    },
    "Sound of My Voice": {
        "favorites_score": 0.9308790116444192,
        "retweets_score": 1.0024850894632207
    },
    "Source Code": {
        "favorites_score": 0.5820422907171179,
        "retweets_score": 1.3459727972833353
    },
    "Southbound": {
        "favorites_score": 1.5340939153439157,
        "retweets_score": 0.33349867724867727
    },
    "Spark: A Burning Man Story": {
        "favorites_score": 1.6031793343268754,
        "retweets_score": 3.206358668653751
    },
    "Split": {
        "favorites_score": 419.1666666666667,
        "retweets_score": 178.44444444444446
    },
    "Spotlight": {
        "favorites_score": 1.644487770294222,
        "retweets_score": 0.2859978730946473
    },
    "Spring": {
        "favorites_score": 2.402382133995037,
        "retweets_score": 1.0009925558312656
    },
    "Star Trek Beyond": {
        "favorites_score": 133.62180335097003,
        "retweets_score": 52.69279100529101
    },
    "Starlet": {
        "favorites_score": 0.0,
        "retweets_score": 0.25049677098857426
    },
    "Step Up 3D": {
        "favorites_score": 0.8718783133512764,
        "retweets_score": 1.6039270858820651
    },
    "Steve Jobs": {
        "favorites_score": 0.3791638469057824,
        "retweets_score": 0.2881645236483947
    },
    "Steve Jobs: The Man in the Machine": {
        "favorites_score": 11.811712158808934,
        "retweets_score": 9.04897270471464
    },
    "Stonewall": {
        "favorites_score": 27.02679900744417,
        "retweets_score": 7.006947890818859
    },
    "Straight Outta Compton": {
        "favorites_score": 42.442084367245656,
        "retweets_score": 25.716408752537788
    },
    "Straight Outta Tompkins": {
        "favorites_score": 3.0697105045492146,
        "retweets_score": 1.0677253928866832
    },
    "Straw Dogs": {
        "favorites_score": 0.07498942730868075,
        "retweets_score": 0.8530047356362436
    },
    "Student of the Year": {
        "favorites_score": 47.83285998295939,
        "retweets_score": 55.85274069866515
    },
    "Suicide Squad": {
        "favorites_score": 3331.122111344538,
        "retweets_score": 1345.8437208216621
    },
    "Sultan": {
        "favorites_score": 1386.9018920068029,
        "retweets_score": 747.7993197278912
    },
    "Super": {
        "favorites_score": 1.2465653193151949,
        "retweets_score": 4.140889394047027
    },
    "Sweetwater": {
        "favorites_score": 5.343931114422917,
        "retweets_score": 1.1689849312800134
    },
    "Sympathy for Delicious": {
        "favorites_score": 0.7126462351801931,
        "retweets_score": 2.7274115173562943
    },
    "T2: Trainspotting": {
        "favorites_score": 1.2,
        "retweets_score": 3.2
    },
    "Tabloid!": {
        "favorites_score": 8.692524448864576,
        "retweets_score": 15.245350571854797
    },
    "Take Me": {
        "favorites_score": 11.23076923076923,
        "retweets_score": 2.423076923076923
    },
    "Talvar": {
        "favorites_score": 13.628898644779538,
        "retweets_score": 7.314945600305402
    },
    "Tangerine": {
        "favorites_score": 0.42899680964197096,
        "retweets_score": 0.21449840482098548
    },
    "Tanna": {
        "favorites_score": 78.28881448412699,
        "retweets_score": 6.753348214285715
    },
    "Tanu Weds Manu": {
        "favorites_score": 0.0,
        "retweets_score": 0.0
    },
    "Tanu Weds Manu Returns": {
        "favorites_score": 36.166296256338335,
        "retweets_score": 16.799266371776895
    },
    "Ted": {
        "favorites_score": 155.83073779544955,
        "retweets_score": 471.91985586481115
    },
    "Ted 2": {
        "favorites_score": 3334.4544986674023,
        "retweets_score": 1481.209466041724
    },
    "Teenage Mutant Ninja Turtles: Out of the Shadows": {
        "favorites_score": 4.668981481481483,
        "retweets_score": 1.0004960317460319
    },
    "Tees Maar Khan": {
        "favorites_score": 0.7865133790506925,
        "retweets_score": 0.8497960647214379
    },
    "Teri Meri Kahaani": {
        "favorites_score": 8.475555756370866,
        "retweets_score": 24.211533827338997
    },
    "Testament of Youth": {
        "favorites_score": 1.2011910669975185,
        "retweets_score": 0.32339759496087045
    },
    "Tevar": {
        "favorites_score": 57.672571101355224,
        "retweets_score": 15.168887192212255
    },
    "The 5th Wave": {
        "favorites_score": 4.502232142857143,
        "retweets_score": 1.0004960317460319
    },
    "The ABC?s of Death 2": {
        "favorites_score": 10.515640516385304,
        "retweets_score": 9.013406156901688
    },
    "The ABCs of Death": {
        "favorites_score": 0.9852872992217253,
        "retweets_score": 0.47594386487829105
    },
    "The Act of Killing": {
        "favorites_score": 0.0,
        "retweets_score": 3.007455268389662
    },
    "The Amazing Spider-Man": {
        "favorites_score": 6.850314777998674,
        "retweets_score": 10.359012591119948
    },
    "The Amazing Spider-Man 2": {
        "favorites_score": 113.16832174776565,
        "retweets_score": 59.811182831292065
    },
    "The Angels? Share": {
        "favorites_score": 0.17939206864078686,
        "retweets_score": 1.6039761431411532
    },
    "The Angry Birds Movie": {
        "favorites_score": 6.925001945222535,
        "retweets_score": 1.2359068627450982
    },
    "The Armstrong Lie": {
        "favorites_score": 0.949250921640913,
        "retweets_score": 1.7930295186550578
    },
    "The Awakening": {
        "favorites_score": 0.0,
        "retweets_score": 0.13373114536714734
    },
    "The Babymakers": {
        "favorites_score": 0.5687175026762502,
        "retweets_score": 0.8868137329866952
    },
    "The Beatles: Eight Days a Week": {
        "favorites_score": 349.3732142857143,
        "retweets_score": 75.3873759920635
    },
    "The Belko Experiment": {
        "favorites_score": 9.358490566037736,
        "retweets_score": 2.339622641509434
    },
    "The Best Man Holiday": {
        "favorites_score": 1.5122582841162076,
        "retweets_score": 1.3823710695295393
    },
    "The Best of Me": {
        "favorites_score": 1.430699389984395,
        "retweets_score": 0.5722797559937579
    },
    "The Big Short": {
        "favorites_score": 204.90317617866006,
        "retweets_score": 53.35290322580645
    },
    "The Big Uneasy": {
        "favorites_score": 0.3716602174313617,
        "retweets_score": 2.220669799152386
    },
    "The Black Panthers: Vanguard of the Revolution": {
        "favorites_score": 2.1936645372472414,
        "retweets_score": 2.001985111662531
    },
    "The Book of Life": {
        "favorites_score": 24.151306240928886,
        "retweets_score": 8.589699029867848
    },
    "The Boss": {
        "favorites_score": 43.64663938492064,
        "retweets_score": 2.1677414021164023
    },
    "The Box": {
        "favorites_score": 0.4755704592491682,
        "retweets_score": 0.007548737448399495
    },
    "The Breakup Guru": {
        "favorites_score": 0.6373115464475941,
        "retweets_score": 1.092534079624447
    },
    "The Brothers Bloom": {
        "favorites_score": 0.27788789731920643,
        "retweets_score": 0.0
    },
    "The Bye Bye Man": {
        "favorites_score": 4.444444444444445,
        "retweets_score": 0.6666666666666666
    },
    "The Call": {
        "favorites_score": 4.007948335817188,
        "retweets_score": 17.03378042722305
    },
    "The Central Park Five": {
        "favorites_score": 0.1670808482438701,
        "retweets_score": 1.0024850894632207
    },
    "The Challenger": {
        "favorites_score": 19.39423076923077,
        "retweets_score": 3.3157878411910673
    },
    "The Choice": {
        "favorites_score": 6.534489707341271,
        "retweets_score": 1.1568235367063493
    },
    "The Circle": {
        "favorites_score": 42.0,
        "retweets_score": 9.5
    },
    "The Conjuring": {
        "favorites_score": 10.544721216852365,
        "retweets_score": 10.974144252832778
    },
    "The Conjuring 2: The Enfield Poltergeist": {
        "favorites_score": 179.52233796296298,
        "retweets_score": 43.48822751322752
    },
    "The D Train": {
        "favorites_score": 7.149946827366183,
        "retweets_score": 2.001985111662531
    },
    "The Darkness": {
        "favorites_score": 8.383466748768473,
        "retweets_score": 2.207991242474001
    },
    "The Daughter": {
        "favorites_score": 9.807692307692308,
        "retweets_score": 0.8461538461538461
    },
    "The Disappearance of Alice Creed": {
        "favorites_score": 0.0,
        "retweets_score": 0.24575083764849223
    },
    "The Disappointments Room": {
        "favorites_score": 102.55084325396827,
        "retweets_score": 62.36425264550265
    },
    "The Double": {
        "favorites_score": 256.3813306852036,
        "retweets_score": 200.58405447581217
    },
    "The Dry Land": {
        "favorites_score": 0.038595484117872184,
        "retweets_score": 0.0
    },
    "The East": {
        "favorites_score": 3.96240346836472,
        "retweets_score": 4.053493203269657
    },
    "The End of Love": {
        "favorites_score": 4.919171020389292,
        "retweets_score": 16.342838318923665
    },
    "The End of the Tour": {
        "favorites_score": 23.723523573200993,
        "retweets_score": 2.3022828784119107
    },
    "The Family Fang": {
        "favorites_score": 117.72503306878309,
        "retweets_score": 26.01289682539683
    },
    "The Fate of the Furious": {
        "favorites_score": 31.545454545454547,
        "retweets_score": 10.606060606060606
    },
    "The Fitzgerald Family Christmas": {
        "favorites_score": 1.6535242567583006,
        "retweets_score": 2.471644272297251
    },
    "The Forest": {
        "favorites_score": 2.239205404383976,
        "retweets_score": 0.8575680272108844
    },
    "The Gift": {
        "favorites_score": 96.8960794044665,
        "retweets_score": 20.820645161290326
    },
    "The Goods: Live Hard, Sell Hard": {
        "favorites_score": 2.007964161274266,
        "retweets_score": 0.0
    },
    "The Great Gatsby": {
        "favorites_score": 118.23447590660705,
        "retweets_score": 164.3258817685047
    },
    "The Great Invisible": {
        "favorites_score": 6.259309831181728,
        "retweets_score": 2.253351539225422
    },
    "The Green Inferno": {
        "favorites_score": 62.496179966044146,
        "retweets_score": 25.03798485046363
    },
    "The Grey": {
        "favorites_score": 0.37848926847080777,
        "retweets_score": 1.7390047470280359
    },
    "The Guest": {
        "favorites_score": 6.093570359595508,
        "retweets_score": 1.65034197239045
    },
    "The Hallow": {
        "favorites_score": 3.6222968027563063,
        "retweets_score": 0.7921523823125123
    },
    "The Heat": {
        "favorites_score": 8.092972601169322,
        "retweets_score": 5.600850879539403
    },
    "The Hero": {
        "favorites_score": 7.65,
        "retweets_score": 1.45
    },
    "The History of Future Folk": {
        "favorites_score": 3.005961251862891,
        "retweets_score": 2.003974167908594
    },
    "The Hobbit: An Unexpected Journey": {
        "favorites_score": 0.14109049407260144,
        "retweets_score": 1.3440726014284663
    },
    "The Hobbit: The Battle of the Five Armies": {
        "favorites_score": 1.2637844611528821,
        "retweets_score": 1.7168392679812738
    },
    "The Hobbit: The Desolation of Smaug": {
        "favorites_score": 2.2412868983188226,
        "retweets_score": 1.4502444636180616
    },
    "The Hollars": {
        "favorites_score": 1528.6189787257497,
        "retweets_score": 276.1091132054674
    },
    "The Hunger Games: Mockingjay - Part 1": {
        "favorites_score": 253.85376176289782,
        "retweets_score": 108.06549392348796
    },
    "The Hunger Games: Mockingjay - Part 2": {
        "favorites_score": 553.5488833746898,
        "retweets_score": 356.10310173697275
    },
    "The Iceman": {
        "favorites_score": 2.204371584699454,
        "retweets_score": 3.6071535022354695
    },
    "The Infiltrator": {
        "favorites_score": 8.640647546897549,
        "retweets_score": 3.456259018759019
    },
    "The Innkeepers": {
        "favorites_score": 1.0964680666003976,
        "retweets_score": 3.5086978131212723
    },
    "The Internship": {
        "favorites_score": 5.273616231338406,
        "retweets_score": 3.1641697388030434
    },
    "The Intervention": {
        "favorites_score": 75.73566187481282,
        "retweets_score": 16.914046121593294
    },
    "The Interview": {
        "favorites_score": 3157.9911793913197,
        "retweets_score": 1960.8871283369356
    },
    "The Joneses": {
        "favorites_score": 0.0,
        "retweets_score": 0.0
    },
    "The Jungle Book": {
        "favorites_score": 81.35679123970264,
        "retweets_score": 41.43826602370907
    },
    "The Last Days on Mars": {
        "favorites_score": 1.6699784732571619,
        "retweets_score": 0.8349892366285809
    },
    "The Last Fall": {
        "favorites_score": 0.2575554577672306,
        "retweets_score": 1.751377112817168
    },
    "The Last Man on the Moon": {
        "favorites_score": 1.6436720521541952,
        "retweets_score": 0.4287840136054422
    },
    "The Lazarus Effect": {
        "favorites_score": 1.1261166253101738,
        "retweets_score": 0.3753722084367246
    },
    "The Lego Movie": {
        "favorites_score": 3.1083968822019448,
        "retweets_score": 11.828914579078525
    },
    "The Life and Mind of Mark DeFriest": {
        "favorites_score": 5.341277722608408,
        "retweets_score": 4.339788149619331
    },
    "The Little Death": {
        "favorites_score": 7.246315675908944,
        "retweets_score": 2.045506527133456
    },
    "The Little Prince": {
        "favorites_score": 32.766245039682545,
        "retweets_score": 14.069475446428573
    },
    "The Looking Glass": {
        "favorites_score": 0.667328370554177,
        "retweets_score": 0.16683209263854426
    },
    "The Lords of Salem": {
        "favorites_score": 70.76533780427222,
        "retweets_score": 144.28614008941878
    },
    "The Lovely Bones": {
        "favorites_score": 0.0,
        "retweets_score": 0.0
    },
    "The Lovers And The Despot": {
        "favorites_score": 0.9926796564980159,
        "retweets_score": 0.31265500992063494
    },
    "The Man From U.N.C.L.E.": {
        "favorites_score": 85.08436724565757,
        "retweets_score": 16.683209263854426
    },
    "The Man with the Iron Fists": {
        "favorites_score": 16.405748051374292,
        "retweets_score": 44.777667329357186
    },
    "The Maze Runner": {
        "favorites_score": 151.51106539934742,
        "retweets_score": 74.2532983401901
    },
    "The Meddler": {
        "favorites_score": 24.790068342151677,
        "retweets_score": 7.559303350970018
    },
    "The Neon Demon": {
        "favorites_score": 118.05853174603176,
        "retweets_score": 31.015376984126988
    },
    "The Next Three Days": {
        "favorites_score": 0.44599226091763405,
        "retweets_score": 3.0104477611940297
    },
    "The Nice Guys": {
        "favorites_score": 167.88323412698415,
        "retweets_score": 26.413095238095238
    },
    "The Night Before": {
        "favorites_score": 16.516377171215883,
        "retweets_score": 6.005955334987593
    },
    "The One I Love": {
        "favorites_score": 85.92780536246276,
        "retweets_score": 39.859285004965244
    },
    "The Oogieloves in the BIG Balloon Adventure": {
        "favorites_score": 0.10442553015241883,
        "retweets_score": 0.3759319085487077
    },
    "The Oranges": {
        "favorites_score": 0.07160607781880148,
        "retweets_score": 0.14321215563760295
    },
    "The Other Guys": {
        "favorites_score": 1.360276395798784,
        "retweets_score": 3.9470315091210613
    },
    "The Overnight": {
        "favorites_score": 5.171794871794872,
        "retweets_score": 1.7016873449131513
    },
    "The Overnighters": {
        "favorites_score": 2.002979145978153,
        "retweets_score": 0.0
    },
    "The Paperboy": {
        "favorites_score": 3.007455268389662,
        "retweets_score": 4.009940357852883
    },
    "The Past is a Grotesque Animal": {
        "favorites_score": 0.5649428360451201,
        "retweets_score": 0.8474142540676801
    },
    "The Preppie Connection": {
        "favorites_score": 1.5563271604938274,
        "retweets_score": 0.6669973544973545
    },
    "The Princess and the Frog": {
        "favorites_score": 0.0,
        "retweets_score": 0.016193259365115047
    },
    "The Promise": {
        "favorites_score": 5.777777777777778,
        "retweets_score": 1.4444444444444444
    },
    "The Reluctant Fundamentalist": {
        "favorites_score": 4.884687034277198,
        "retweets_score": 8.7673869846001
    },
    "The Rum Diary": {
        "favorites_score": 0.0,
        "retweets_score": 0.21492505505434392
    },
    "The Sacrament": {
        "favorites_score": 18.86138695796094,
        "retweets_score": 10.682555445216815
    },
    "The Second Best Exotic Marigold Hotel": {
        "favorites_score": 5.433959588798299,
        "retweets_score": 1.8589861751152075
    },
    "The Secret Life of Walter Mitty": {
        "favorites_score": 243.64985924821988,
        "retweets_score": 180.52467295909918
    },
    "The Shack": {
        "favorites_score": 1.5384615384615385,
        "retweets_score": 0.15384615384615385
    },
    "The Signal": {
        "favorites_score": 2.854245283018868,
        "retweets_score": 1.0014895729890765
    },
    "The Spectacular Now": {
        "favorites_score": 3.6739526411657555,
        "retweets_score": 0.7793232875200088
    },
    "The Stanford Prison Experiment": {
        "favorites_score": 4.521724993582613,
        "retweets_score": 1.725849234191837
    },
    "The Sweeney": {
        "favorites_score": 1.001987083954297,
        "retweets_score": 0.0
    },
    "The Theory of Everything": {
        "favorites_score": 0.4223148801761166,
        "retweets_score": 0.13876060348643832
    },
    "The Thorn in the Heart": {
        "favorites_score": 1.0034825870646766,
        "retweets_score": 5.017412935323383
    },
    "The Trouble With Bliss": {
        "favorites_score": 0.0,
        "retweets_score": 0.6169139012081358
    },
    "The Unknown Known": {
        "favorites_score": 12.996603322199151,
        "retweets_score": 10.606685023020674
    },
    "The Visit": {
        "favorites_score": 173.9224565756824,
        "retweets_score": 38.70504549214227
    },
    "The Ward": {
        "favorites_score": 0.19598529924495733,
        "retweets_score": 0.7378270089221922
    },
    "The Water Diviner": {
        "favorites_score": 221.15246217652899,
        "retweets_score": 87.50269680861422
    },
    "The Way Way Back": {
        "favorites_score": 88.32901524704803,
        "retweets_score": 50.638885704459476
    },
    "The Woman in Black 2: Angel of Death": {
        "favorites_score": 1.2593132154006244,
        "retweets_score": 3.9393900584327226
    },
    "The World's End": {
        "favorites_score": 30.567112470242126,
        "retweets_score": 20.89425014462272
    },
    "The Zero Theorem": {
        "favorites_score": 255.98073485600796,
        "retweets_score": 240.55779543197616
    },
    "They?re Out of Business": {
        "favorites_score": 0.0,
        "retweets_score": 0.0
    },
    "Think Like a Man Too": {
        "favorites_score": 2.503723932472691,
        "retweets_score": 1.5022343594836147
    },
    "Third Person": {
        "favorites_score": 5.75856504468719,
        "retweets_score": 1.2518619662363455
    },
    "This Binary Universe ": {
        "favorites_score": 0.016801426080389172,
        "retweets_score": 0.1400118840032431
    },
    "This is 40": {
        "favorites_score": 46.41626745550792,
        "retweets_score": 27.326777288078755
    },
    "This is Where I Leave You": {
        "favorites_score": 6.464159971111312,
        "retweets_score": 1.2746230928951883
    },
    "This is the End": {
        "favorites_score": 218.76036375802184,
        "retweets_score": 177.92427790788446
    },
    "Tickled": {
        "favorites_score": 1.8997272829509675,
        "retweets_score": 0.1296189190926033
    },
    "Tim and Eric's Billion Dollar Movie": {
        "favorites_score": 11.636955295255495,
        "retweets_score": 26.809702595239372
    },
    "Tim's Vermeer": {
        "favorites_score": 17.17692143921652,
        "retweets_score": 12.202771272443403
    },
    "Time to Choose": {
        "favorites_score": 6.002976190476192,
        "retweets_score": 3.001488095238096
    },
    "Today's Special": {
        "favorites_score": 0.0386146954091205,
        "retweets_score": 0.0
    },
    "Tommy?s Honour": {
        "favorites_score": 3.0,
        "retweets_score": 0.0
    },
    "Tomorrowland": {
        "favorites_score": 137.72479929937236,
        "retweets_score": 44.92690118230915
    },
    "Top Five": {
        "favorites_score": 119.03418924670167,
        "retweets_score": 71.17179196176218
    },
    "Touching Home": {
        "favorites_score": 0.9247780704321529,
        "retweets_score": 0.3344941956882255
    },
    "Touchy Feely": {
        "favorites_score": 5.8587140019860975,
        "retweets_score": 4.3564796425024825
    },
    "Tower Heist": {
        "favorites_score": 1.1768340792308967,
        "retweets_score": 2.875219625393668
    },
    "Toy Story 3": {
        "favorites_score": 2.954698728579326,
        "retweets_score": 6.008506848473681
    },
    "Trailer Park Boys: Countdown to Liquor Day": {
        "favorites_score": 0.0,
        "retweets_score": 0.0
    },
    "Trainwreck": {
        "favorites_score": 136.2064870613258,
        "retweets_score": 41.69440421329823
    },
    "Transformers: Age of Extinction": {
        "favorites_score": 37.23959912193592,
        "retweets_score": 45.39646814404433
    },
    "Transformers: Dark of the Moon": {
        "favorites_score": 1.4851872394139922,
        "retweets_score": 2.642475997398921
    },
    "Trespass Against Us": {
        "favorites_score": 26.01289682539683,
        "retweets_score": 7.003472222222223
    },
    "Tricked": {
        "favorites_score": 2.8728861473336282,
        "retweets_score": 1.118451858885611
    },
    "Triple 9": {
        "favorites_score": 23.01140873015873,
        "retweets_score": 6.002976190476192
    },
    "Trolls": {
        "favorites_score": 23.611706349206354,
        "retweets_score": 3.401686507936508
    },
    "Tusk": {
        "favorites_score": 291.80902432969214,
        "retweets_score": 128.5662239324727
    },
    "Tyler Perry's A Madea Christmas": {
        "favorites_score": 542.0750124192747,
        "retweets_score": 355.9058122205663
    },
    "Tyler Perry's Good Deeds": {
        "favorites_score": 78.62347344504403,
        "retweets_score": 84.63838398182335
    },
    "Tyler Perry's Madea's Witness Protection": {
        "favorites_score": 53.53270377733598,
        "retweets_score": 91.22614314115309
    },
    "Tyler Perry's Temptation": {
        "favorites_score": 191.5617125050806,
        "retweets_score": 132.53556428668202
    },
    "Un beau dimanche": {
        "favorites_score": 0.7918754763169441,
        "retweets_score": 1.7700745941202283
    },
    "Under the Shadow": {
        "favorites_score": 4.001984126984127,
        "retweets_score": 1.500744047619048
    },
    "Undrafted": {
        "favorites_score": 72.72836538461539,
        "retweets_score": 9.697115384615385
    },
    "Unsullied": {
        "favorites_score": 3.0688324409037486,
        "retweets_score": 1.6990531539767535
    },
    "Until the Light Takes Us": {
        "favorites_score": 0.0,
        "retweets_score": 0.5017412935323383
    },
    "Up in the Air": {
        "favorites_score": 2.079677167034061,
        "retweets_score": 2.5386404038967503
    },
    "V/H/S": {
        "favorites_score": 0.23714701041065436,
        "retweets_score": 0.35572051561598156
    },
    "V/H/S 2": {
        "favorites_score": 0.429423035980413,
        "retweets_score": 0.2226637964342882
    },
    "V/H/S: Viral": {
        "favorites_score": 4.594553040993746,
        "retweets_score": 2.701386348194219
    },
    "Vacation": {
        "favorites_score": 7.006947890818859,
        "retweets_score": 0.8007940446650125
    },
    "Viaggio sola": {
        "favorites_score": 1.948308218800022,
        "retweets_score": 2.5606336589943144
    },
    "Wadjda": {
        "favorites_score": 0.5009935419771485,
        "retweets_score": 1.6699784732571619
    },
    "Walking the Camino: Six Ways to Santiago": {
        "favorites_score": 0.0,
        "retweets_score": 0.3339956946514323
    },
    "Wanderlust": {
        "favorites_score": 3.801089297548045,
        "retweets_score": 6.620578611663354
    },
    "Warcraft": {
        "favorites_score": 68.73920812983313,
        "retweets_score": 10.54368894993895
    },
    "Warm Bodies": {
        "favorites_score": 6.2123199205166415,
        "retweets_score": 4.308544461003477
    },
    "Water for Elephants": {
        "favorites_score": 42.626802585778215,
        "retweets_score": 64.19094977623072
    },
    "Watermark": {
        "favorites_score": 0.8349892366285809,
        "retweets_score": 1.8369763205828777
    },
    "We Are Your Friends": {
        "favorites_score": 540.2356823821341,
        "retweets_score": 171.26982630272954
    },
    "We Are the Giant": {
        "favorites_score": 1.752606752730884,
        "retweets_score": 1.5022343594836147
    },
    "We Bought a Zoo": {
        "favorites_score": 0.7383073650477927,
        "retweets_score": 2.451737665064368
    },
    "We Live in Public": {
        "favorites_score": 0.4561284486657621,
        "retweets_score": 0.3649027589326097
    },
    "We Steal Secrets: The Story of Wikileaks": {
        "favorites_score": 1.351517462077889,
        "retweets_score": 4.007948335817188
    },
    "Weather Girl": {
        "favorites_score": 0.0,
        "retweets_score": 0.0
    },
    "Welcome Back": {
        "favorites_score": 25.21731246421073,
        "retweets_score": 7.54594388242031
    },
    "West of Memphis": {
        "favorites_score": 4.46721425830979,
        "retweets_score": 8.75855393952077
    },
    "What Richard Did": {
        "favorites_score": 0.12797681993147497,
        "retweets_score": 0.5439014847087686
    },
    "What We Did on Our Holiday": {
        "favorites_score": 1.918569065343259,
        "retweets_score": 0.5004962779156328
    },
    "What We Do in the Shadows": {
        "favorites_score": 19.564854500338374,
        "retweets_score": 6.570151139183397
    },
    "When the Bough Breaks": {
        "favorites_score": 29.31182968682969,
        "retweets_score": 6.760108322608324
    },
    "Where to Invade Next": {
        "favorites_score": 333.2164860602361,
        "retweets_score": 152.79883241758242
    },
    "White House Down": {
        "favorites_score": 9.942794910008026,
        "retweets_score": 4.54747984256181
    },
    "White Irish Drinkers": {
        "favorites_score": 0.145732658412917,
        "retweets_score": 0.5572131056964473
    },
    "Whitey: United States of America v. James J. Bulger": {
        "favorites_score": 2.3671571725196356,
        "retweets_score": 1.2746230928951883
    },
    "Who is Dayani Cristal?": {
        "favorites_score": 0.9104450663537058,
        "retweets_score": 0.36417802654148235
    },
    "Who?s Crazy": {
        "favorites_score": 104.9091553287982,
        "retweets_score": 16.150864512471657
    },
    "Why Him?": {
        "favorites_score": 1.333994708994709,
        "retweets_score": 0.33349867724867727
    },
    "Wild Oats": {
        "favorites_score": 13.124153828197947,
        "retweets_score": 14.183502567693745
    },
    "Winnie the Pooh": {
        "favorites_score": 0.05572131056964472,
        "retweets_score": 0.612934416266092
    },
    "Winter's Tale": {
        "favorites_score": 30.54543197616683,
        "retweets_score": 9.514150943396226
    },
    "Wish I Was Here": {
        "favorites_score": 914.1577562829425,
        "retweets_score": 245.51902070124515
    },
    "Woman Thou Art Loosed On the 7th Day": {
        "favorites_score": 0.0,
        "retweets_score": 0.0
    },
    "Woman in Gold": {
        "favorites_score": 5.507924555977949,
        "retweets_score": 1.1341294967546358
    },
    "Wonder Woman": {
        "favorites_score": 1233.12,
        "retweets_score": 352.2266666666667
    },
    "XX": {
        "favorites_score": 7.769230769230769,
        "retweets_score": 2.8846153846153846
    },
    "You Again": {
        "favorites_score": 0.18245137946630485,
        "retweets_score": 1.8245137946630483
    },
    "You're Next": {
        "favorites_score": 1.9268982383736482,
        "retweets_score": 1.079063013489243
    },
    "You've Been Trumped": {
        "favorites_score": 0.026381186564821597,
        "retweets_score": 0.10552474625928639
    },
    "Young Adult": {
        "favorites_score": 7.020885131775236,
        "retweets_score": 31.092491297861756
    },
    "Yves Saint Laurent": {
        "favorites_score": 2.798279689234184,
        "retweets_score": 2.5331795081488404
    },
    "Z for Zachariah": {
        "favorites_score": 6.005955334987593,
        "retweets_score": 1.0009925558312656
    },
    "Zero Charisma": {
        "favorites_score": 0.0,
        "retweets_score": 0.0
    },
    "Zero Days": {
        "favorites_score": 5.558311287477954,
        "retweets_score": 2.3344907407407414
    },
    "Zombeavers": {
        "favorites_score": 23.42322580645161,
        "retweets_score": 10.210124069478908
    },
    "Zombieland": {
        "favorites_score": 0.06408396259385954,
        "retweets_score": 0.0
    },
    "Zoolander 2": {
        "favorites_score": 341.94036251653444,
        "retweets_score": 85.29228670634922
    },
    "Zootopia": {
        "favorites_score": 1.2228284832451501,
        "retweets_score": 0.0
    },
    "[Rec] 3: Genesis": {
        "favorites_score": 0.6205860077629461,
        "retweets_score": 3.6996473539714096
    },
    "xXx: Return of Xander Cage": {
        "favorites_score": 145.74747474747474,
        "retweets_score": 58.292929292929294
    }
}